x,true,run_0,run_1,run_2,run_3,run_4,run_5,run_6,run_7,run_8,run_9
-7.0,1.3498566943461955e-06,3.120724e-05,3.0706674e-06,9.480453e-06,4.252907e-05,0.00035346794,0.00063013955,5.5537148e-05,-9.568967e-06,1.1713506e-05,-2.942009e-05
-6.964912280701754,1.5257676569502872e-06,3.2836502e-05,3.262889e-06,1.0095211e-05,4.4955723e-05,0.00037213074,0.0006611136,5.8615246e-05,-1.0129117e-05,1.2575943e-05,-3.124791e-05
-6.9298245614035086,1.7235417342770669e-06,3.4552664e-05,3.467395e-06,1.07502e-05,4.752367e-05,0.00039180098,0.0006936477,6.186696e-05,-1.0722598e-05,1.3504028e-05,-3.31921e-05
-6.894736842105263,1.945753691385754e-06,3.6360623e-05,3.6849665e-06,1.1447964e-05,5.0240345e-05,0.0004125266,0.00072782376,6.530209e-05,-1.1351734e-05,1.4501583e-05,-3.5259487e-05
-6.859649122807017,2.1952631215202086e-06,3.826499e-05,3.916413e-06,1.2191404e-05,5.311443e-05,0.0004343724,0.0007637256,6.8931404e-05,-1.2018588e-05,1.557391e-05,-3.7458034e-05
-6.824561403508772,2.4752436779565484e-06,4.027134e-05,4.1627018e-06,1.2983523e-05,5.6155237e-05,0.00045739676,0.0008014462,7.276588e-05,-1.2725423e-05,1.6726686e-05,-3.9796196e-05
-6.7894736842105265,2.78921503652875e-06,4.238528e-05,4.42476e-06,1.3827462e-05,5.9372636e-05,0.00048166103,0.0008410778,7.681761e-05,-1.3474732e-05,1.7966093e-05,-4.2283165e-05
-6.754385964912281,3.1410778134974732e-06,4.461269e-05,4.703653e-06,1.47267565e-05,6.277692e-05,0.00050723983,0.0008827234,8.109779e-05,-1.4269103e-05,1.92976e-05,-4.4928413e-05
-6.719298245614035,3.5351516786263096e-06,4.6959914e-05,5.0004523e-06,1.5685026e-05,6.6379245e-05,0.0005341994,0.00092648587,8.562172e-05,-1.5111312e-05,2.0730527e-05,-4.7742393e-05
-6.684210526315789,3.976216919211653e-06,4.9433704e-05,5.316334e-06,1.670621e-05,7.01913e-05,0.0005626222,0.0009724803,9.040269e-05,-1.6004271e-05,2.22715e-05,-5.0736056e-05
-6.649122807017544,4.469559727371853e-06,5.204085e-05,5.6526264e-06,1.7794493e-05,7.422545e-05,0.00059258234,0.0010208209,9.545524e-05,-1.695118e-05,2.3928766e-05,-5.3920547e-05
-6.614035087719298,5.021021500126477e-06,5.4788878e-05,6.010563e-06,1.8954228e-05,7.84949e-05,0.0006241715,0.0010716337,0.00010079526,-1.7955237e-05,2.5711246e-05,-5.730964e-05
-6.578947368421053,5.637052459669022e-06,5.768575e-05,6.3916223e-06,2.019024e-05,8.30135e-05,0.00065747293,0.0011250519,0.00010643958,-1.9020143e-05,2.7627499e-05,-6.091596e-05
-6.543859649122807,6.324769919733391e-06,6.0739698e-05,6.797426e-06,2.1507656e-05,8.779628e-05,0.00069258845,0.0011812114,0.00011240554,-2.014952e-05,2.9690109e-05,-6.47541e-05
-6.508771929824562,7.0920215430439194e-06,6.395928e-05,7.229505e-06,2.2911798e-05,9.285881e-05,0.0007296116,0.0012402596,0.000118712065,-2.1347441e-05,3.1909105e-05,-6.883902e-05
-6.473684210526316,7.947453954483115e-06,6.7354384e-05,7.6895485e-06,2.4408491e-05,9.821766e-05,0.00076865125,0.0013023508,0.00012537825,-2.2618156e-05,3.429554e-05,-7.3186435e-05
-6.43859649122807,8.900587094761786e-06,7.093474e-05,8.179517e-06,2.6003869e-05,0.000103890656,0.0008098223,0.00136765,0.0001324264,-2.3966153e-05,3.6864516e-05,-7.7814984e-05
-6.4035087719298245,9.961894719978414e-06,7.4710224e-05,8.701363e-06,2.7704771e-05,0.00010989664,0.00085323874,0.0014363317,0.00013987829,-2.5396252e-05,3.962919e-05,-8.274289e-05
-6.368421052631579,1.1142891473440853e-05,7.869289e-05,9.25724e-06,2.9517807e-05,0.00011625431,0.0008990263,0.0015085734,0.00014775712,-2.691339e-05,4.2603424e-05,-8.798968e-05
-6.333333333333333,1.2456226977419475e-05,8.289343e-05,9.849378e-06,3.145091e-05,0.00012298678,0.0009473178,0.001584572,0.00015608814,-2.8523353e-05,4.5805824e-05,-9.357681e-05
-6.298245614035087,1.3915787414015135e-05,8.732516e-05,1.0480196e-05,3.3512002e-05,0.00013011551,0.0009982561,0.0016645317,0.00016489696,-3.0231819e-05,4.9252994e-05,-9.952427e-05
-6.2631578947368425,1.553680508596326e-05,9.200095e-05,1.1152391e-05,3.5709636e-05,0.00013766429,0.001051982,0.0017486672,0.00017421342,-3.2044838e-05,5.296287e-05,-0.00010586126
-6.228070175438597,1.7335976469839495e-05,9.69354e-05,1.186868e-05,3.8053255e-05,0.00014565836,0.0011086542,0.0018372088,0.00018406598,-3.3968936e-05,5.6958095e-05,-0.00011261127
-6.192982456140351,1.933158929566027e-05,0.00010214235,1.2631926e-05,4.0552273e-05,0.0001541245,0.0011684367,0.0019303968,0.0001944868,-3.6011163e-05,6.125884e-05,-0.000119801545
-6.157894736842105,2.154365920814304e-05,0.00010763752,1.3445533e-05,4.3217424e-05,0.00016309126,0.0012315059,0.002028493,0.00020550776,-3.8178925e-05,6.58912e-05,-0.00012746315
-6.12280701754386,2.399407658575044e-05,0.00011343885,1.4312678e-05,4.6060042e-05,0.0001725887,0.0012980426,0.0021317634,0.0002171668,-4.047975e-05,7.08788e-05,-0.00013562667
-6.087719298245614,2.6706764113918916e-05,0.00011956334,1.5237182e-05,4.909178e-05,0.00018264806,0.0013682422,0.0022404983,0.0002294999,-4.2922387e-05,7.625175e-05,-0.00014432604
-6.052631578947368,2.9707845728386095e-05,0.00012602964,1.6222786e-05,5.2326286e-05,0.00019330543,0.0014423074,0.0023550028,0.0002425472,-4.55159e-05,8.2038256e-05,-0.00015359883
-6.017543859649123,3.302582756307168e-05,0.000132859,1.7273635e-05,5.5776465e-05,0.00020459572,0.0015204595,0.0024756,0.00025635038,-4.826955e-05,8.826737e-05,-0.00016348287
-5.982456140350877,3.6691791554321395e-05,0.000140071,1.8394336e-05,5.9457445e-05,0.00021655764,0.0016029251,0.0026026329,0.0002709551,-5.1193125e-05,9.498421e-05,-0.00017402049
-5.947368421052632,4.073960236925171e-05,0.00014768947,1.9589479e-05,6.33849e-05,0.00022923203,0.0016899479,0.0027364646,0.0002864082,-5.429765e-05,0.00010222029,-0.00018525602
-5.912280701754386,4.52061283401925e-05,0.00015573835,2.0864389e-05,6.757627e-05,0.00024266174,0.00178178,0.0028774864,0.00030276141,-5.7594585e-05,0.00011001803,-0.00019723873
-5.87719298245614,5.013147709951876e-05,0.00016424326,2.2224402e-05,7.204885e-05,0.00025689404,0.0018786966,0.0030260999,0.00032006626,-6.109605e-05,0.00011842251,-0.00021001832
-5.842105263157895,5.555924661924142e-05,0.00017323167,2.3675311e-05,7.6822456e-05,0.00027197725,0.0019809785,0.0031827467,0.00033838142,-6.4814936e-05,0.00012747986,-0.00022365163
-5.807017543859649,6.153679236724086e-05,0.0001827317,2.522359e-05,8.191834e-05,0.00028796413,0.002088932,0.003347891,0.00035776573,-6.876464e-05,0.00013724316,-0.00023819483
-5.771929824561404,6.811551129669347e-05,0.00019277482,2.6875907e-05,8.735769e-05,0.00030490843,0.002202877,0.0035220152,0.00037828393,-7.2960254e-05,0.0001477683,-0.00025371637
-5.7368421052631575,7.535114338668488e-05,0.00020339464,2.8639453e-05,9.3165254e-05,0.00032287103,0.0023231448,0.003705648,0.00040000296,-7.741686e-05,0.00015911588,-0.00027028171
-5.701754385964913,8.330409144989059e-05,0.00021462573,3.0521933e-05,9.936682e-05,0.00034191404,0.002450097,0.0038993405,0.00042299583,-8.2151295e-05,0.00017135178,-0.00028796427
-5.666666666666667,9.20397599171657e-05,0.00022650612,3.253201e-05,0.00010598947,0.00036210427,0.002584109,0.0041036964,0.00044733816,-8.7181186e-05,0.00018454698,-0.0003068441
-5.631578947368421,0.00010162891329849217,0.00023907449,3.4678138e-05,0.000113062764,0.00038351098,0.0027255786,0.0043193316,0.000473111,-9.252504e-05,0.00019877788,-0.00032700435
-5.5964912280701755,0.0001121480550046654,0.0002523748,3.697019e-05,0.000120618664,0.0004062122,0.0028749213,0.0045469124,0.00050040096,-9.820226e-05,0.00021412657,-0.00034853723
-5.56140350877193,0.0001236798271938478,0.00026645255,3.9418213e-05,0.00012869174,0.0004302861,0.00303259,0.004787171,0.0005292994,-0.000104234794,0.0002306854,-0.00037153976
-5.526315789473684,0.00013631343228134954,0.00028135572,4.2033935e-05,0.00013731814,0.0004558204,0.0031990504,0.0050408505,0.00055990176,-0.0001106443,0.00024854558,-0.00039612
-5.491228070175438,0.00015014507671921707,0.00029713867,4.4828616e-05,0.0001465376,0.00048290353,0.0033747922,0.0053087682,0.00059231336,-0.00011745514,0.00026782032,-0.0004223897
-5.4561403508771935,0.00016527843761401153,0.00031385213,4.7814934e-05,0.0001563924,0.00051163463,0.0035603428,0.005591786,0.0006266428,-0.00012469233,0.00028862077,-0.00045047206
-5.421052631578947,0.00018182515270611188,0.00033156123,5.1007155e-05,0.00016692953,0.00054211536,0.0037562593,0.0058908253,0.00066300586,-0.00013238248,0.0003110691,-0.0004805013
-5.385964912280702,0.00019990533418149032,0.00035032717,5.44199e-05,0.00017819671,0.00057445717,0.003963119,0.0062068617,0.00070152665,-0.00014055456,0.0003352987,-0.00051261485
-5.350877192982456,0.00021964810672683277,0.0003702188,5.806953e-05,0.00019024807,0.00060877466,0.004181538,0.0065409527,0.0007423341,-0.00014923817,0.00036145453,-0.0005469706
-5.315789473684211,0.00024119217017055328,0.0003913092,6.197245e-05,0.00020314034,0.0006451951,0.004412167,0.006894217,0.0007855708,-0.00015846615,0.00038968885,-0.00058373495
-5.280701754385965,0.00026468638697539035,0.00041367862,6.614828e-05,0.00021693704,0.00068385026,0.0046556923,0.007267847,0.00083138276,-0.00016827161,0.00042017963,-0.00062308554
-5.245614035087719,0.00029029039476236203,0.0004374114,7.0615555e-05,0.00023170438,0.00072488154,0.0049128374,0.0076631154,0.00087992835,-0.0001786902,0.00045310575,-0.00066521694
-5.210526315789474,0.00031817524395054886,0.00046259473,7.5396354e-05,0.00024751396,0.0007684401,0.0051843603,0.008081389,0.0009313686,-0.00018976185,0.0004886667,-0.00071033963
-5.175438596491228,0.00034852406049208005,0.0004893328,8.051467e-05,0.0002644442,0.00081468903,0.0054710745,0.008524142,0.0009858913,-0.00020152536,0.00052707247,-0.0007586791
-5.140350877192983,0.0003815327335664839,0.00051772624,8.5995445e-05,0.00028258184,0.0008637959,0.005773818,0.008992901,0.0010436781,-0.00021402426,0.00056856667,-0.00081048126
-5.105263157894737,0.0004174106279729329,0.0005478902,9.186487e-05,0.00030201647,0.0009159474,0.006093471,0.009489362,0.0011049295,-0.00022730297,0.0006133967,-0.0008660129
-5.0701754385964914,0.0004563813208224824,0.00057994435,9.8153236e-05,0.00032284792,0.00097133813,0.0064310064,0.010015299,0.00116986,-0.00024140933,0.00066183775,-0.00092556194
-5.035087719298246,0.0004986833619851546,0.0006140244,0.00010489269,0.0003451872,0.0010301752,0.006787394,0.010572606,0.0012386956,-0.00025639345,0.00071418274,-0.0009894383
-5.0,0.0005445710575881779,0.0006502693,0.00011211632,0.00036914833,0.0010926849,0.007163673,0.011163333,0.0013116758,-0.00027230816,0.00077076256,-0.0010579906
-4.964912280701754,0.0005943152756920173,0.00068883615,0.00011986267,0.00039486116,0.0011591034,0.0075609484,0.011789651,0.001389055,-0.0002892074,0.0008319174,-0.001131575
-4.9298245614035086,0.0006482042730897006,0.00072988716,0.00012817142,0.000422466,0.0012296854,0.007980362,0.012453887,0.0014711033,-0.00030715333,0.000898037,-0.0012105944
-4.894736842105264,0.0007065445419825446,0.0007736075,0.00013708783,0.00045211136,0.0013047012,0.008423116,0.013158533,0.0015581094,-0.00032620237,0.0009695217,-0.0012954867
-4.859649122807017,0.0007696616750816441,0.00082018453,0.00014665796,0.000483965,0.0013844394,0.008890485,0.013906247,0.0016503797,-0.00034642091,0.0010468275,-0.0013867207
-4.824561403508772,0.0008379012474695952,0.0008698396,0.00015693561,0.0005182086,0.001469213,0.009383779,0.014699847,0.0017482331,-0.00036787553,0.0011304282,-0.0014848085
-4.7894736842105265,0.0009116297133312622,0.0009227933,0.00016797616,0.00055503857,0.0015593527,0.009904408,0.015542399,0.0018520236,-0.00039063403,0.0012208613,-0.0015903063
-4.754385964912281,0.000991235315425819,0.0009793023,0.00017984046,0.00059467106,0.0016552096,0.0104538025,0.016437091,0.0019621088,-0.0004147716,0.001318682,-0.0017038251
-4.719298245614035,0.0010771290049259804,0.0010396368,0.00019259888,0.00063734327,0.0017571634,0.011033476,0.017387368,0.0020788803,-0.00044036002,0.0014245166,-0.0018260236
-4.684210526315789,0.0011697453689939418,0.0011040888,0.0002063218,0.0006833162,0.0018656281,0.011645014,0.01839688,0.0022027493,-0.00046747547,0.0015390373,-0.0019576177
-4.6491228070175445,0.0012695435631984216,0.0011729873,0.00022109074,0.00073287706,0.0019810193,0.012290056,0.019469513,0.0023341463,-0.00049619604,0.0016629677,-0.002099382
-4.614035087719298,0.001377008245603642,0.0012466869,0.00023699441,0.00078634,0.002103813,0.0129703,0.020609364,0.0024735378,-0.0005266019,0.0017971032,-0.0022521764
-4.578947368421053,0.0014926505090800514,0.0013255612,0.00025412714,0.00084405055,0.0022345025,0.013687528,0.021820795,0.0026214158,-0.00055877597,0.0019422946,-0.002416916
-4.543859649122807,0.0016170088080993549,0.0014100496,0.00027259777,0.0009063955,0.0023736204,0.014443553,0.023108382,0.0027782903,-0.0005927958,0.0020994763,-0.0025946116
-4.508771929824562,0.0017506498759834023,0.0015005972,0.00029252097,0.00097379147,0.0025217317,0.015240224,0.024476917,0.0029447088,-0.00062873843,0.0022696606,-0.002786351
-4.473684210526316,0.0018941696282798702,0.0015977249,0.0003140227,0.001046716,0.0026794479,0.016079497,0.025931433,0.0031212536,-0.00066668383,0.0024539442,-0.0029933152
-4.43859649122807,0.0020481940476378686,0.0017019894,0.000337246,0.001125679,0.0028474187,0.016963324,0.02747721,0.0033085358,-0.00070670765,0.002653516,-0.0032167984
-4.4035087719298245,0.002213380045255775,0.0018140012,0.00036234653,0.0012112634,0.0030263471,0.017893717,0.02911967,0.0035071957,-0.0007488736,0.0028696693,-0.003458179
-4.368421052631579,0.0023904162936731546,0.001934439,0.00038949674,0.0013041063,0.0032169777,0.018872699,0.03086436,0.003717913,-0.0007932439,0.003103801,-0.003718972
-4.333333333333334,0.0025800240253802276,0.0020640548,0.0004188865,0.0014049199,0.00342011,0.019902289,0.03271699,0.003941397,-0.00083987,0.003357444,-0.0040007927
-4.298245614035087,0.0027829577914239645,0.0022036752,0.0004507261,0.0015145065,0.0036366116,0.020984523,0.034683313,0.004178408,-0.0008887834,0.0036322456,-0.004305397
-4.2631578947368425,0.0030000061739017,0.0023542133,0.00048525044,0.0016337497,0.0038673873,0.022121398,0.036768977,0.004429722,-0.0009400071,0.003929988,-0.004634649
-4.228070175438597,0.003231992445953164,0.0025166702,0.0005227226,0.0017636344,0.0041134246,0.02331484,0.03897958,0.004696165,-0.000993531,0.0042526266,-0.0049905577
-4.192982456140351,0.0034797751725918528,0.0026921993,0.00056343235,0.0019052895,0.0043757795,0.024566736,0.041320346,0.00497858,-0.0010493321,0.004602262,-0.00537527
-4.157894736842105,0.003744248745460432,0.002882035,0.0006077058,0.002059952,0.0046555833,0.02587884,0.043796215,0.005277885,-0.0011073297,0.0049811555,-0.005791012
-4.12280701754386,0.004026343844352888,0.0030875667,0.0006559036,0.002229032,0.0049540396,0.027252693,0.046411324,0.0055949762,-0.0011674151,0.005391784,-0.0062401737
-4.087719298245615,0.0043270278181229225,0.0033103668,0.00070844067,0.0024141122,0.005272434,0.028689716,0.049169034,0.005930836,-0.0012294154,0.0058368156,-0.006725211
-4.052631578947368,0.0046473049773950075,0.003552186,0.0007657702,0.0026169599,0.005612154,0.030191097,0.052071564,0.0062864427,-0.0012930995,0.0063191373,-0.007248682
-4.017543859649123,0.004988216791314516,0.0038149315,0.0008284175,0.0028395972,0.0059746625,0.03175755,0.05511965,0.0066628116,-0.0013581411,0.006841858,-0.007813154
-3.9824561403508776,0.005350841980420402,0.0041008205,0.0008969576,0.0030842954,0.0063615306,0.03338953,0.05831208,0.0070609665,-0.0014241228,0.007408319,-0.008421165
-3.947368421052632,0.005736296497598239,0.004412316,0.0009720552,0.0033536318,0.006774443,0.035087034,0.061645463,0.007481968,-0.0014904976,0.00802215,-0.00907522
-3.912280701754386,0.006145733388979461,0.00475217,0.0010544653,0.0036504962,0.0072151716,0.036849435,0.06511351,0.007926864,-0.0015565708,0.008687207,-0.009777633
-3.8771929824561404,0.006580342526593728,0.0051235026,0.0011450389,0.0039782063,0.00768561,0.038675442,0.068706654,0.008396724,-0.0016214676,0.009407653,-0.010530403
-3.8421052631578947,0.007041350204560841,0.005529811,0.00124475,0.004340516,0.008187775,0.040563032,0.07241137,0.008892581,-0.0016841021,0.010187887,-0.011335107
-3.8070175438596494,0.0075300185906283625,0.005975062,0.0013547015,0.0047416706,0.008723765,0.042509202,0.07620978,0.009415468,-0.0017430924,0.011032608,-0.012192673
-3.7719298245614037,0.008047645024923675,0.00646383,0.0014761841,0.0051865224,0.009295834,0.044510007,0.08007891,0.009966373,-0.001796789,0.011946827,-0.013103174
-3.736842105263158,0.008595561157897882,0.0070011667,0.0016106502,0.005680563,0.009906313,0.04656024,0.08399029,0.010546231,-0.0018431025,0.012935748,-0.01406548
-3.7017543859649127,0.009175131919596036,0.0075929314,0.0017598011,0.006230021,0.0105576785,0.04865342,0.08790962,0.01115594,-0.0018795357,0.014004821,-0.015076932
-3.666666666666667,0.009787754312596231,0.008245714,0.0019255758,0.0068419967,0.011252443,0.050781455,0.09179631,0.011796255,-0.0019030181,0.015159694,-0.016132789
-3.6315789473684212,0.010434856021221031,0.008967122,0.0021102442,0.00752452,0.011993266,0.052934736,0.095603935,0.012467915,-0.0019098198,0.016406098,-0.017225819
-3.5964912280701755,0.011117893829941796,0.00976572,0.0023164386,0.008286636,0.012782821,0.055101745,0.09928008,0.013171453,-0.0018954333,0.017749751,-0.018345498
-3.56140350877193,0.01183835184426983,0.010651472,0.0025472469,0.009138586,0.013623831,0.057269014,0.10276748,0.013907309,-0.0018544565,0.01919629,-0.01947739
-3.5263157894736845,0.012597739507861878,0.011635626,0.002806229,0.010091829,0.014518996,0.059420966,0.10600481,0.014675744,-0.001780348,0.020750968,-0.020602092
-3.491228070175439,0.013397589410060582,0.012731202,0.0030976273,0.0111591425,0.0154709285,0.061539732,0.10892843,0.015476822,-0.0016653476,0.022418424,-0.021694379
-3.456140350877193,0.01423945487864567,0.013953047,0.0034264063,0.012354587,0.016482199,0.063605174,0.11147452,0.016310459,-0.0015001873,0.024202459,-0.022721998
-3.421052631578948,0.01512490735318942,0.015318317,0.0037984583,0.01369357,0.01755505,0.065594725,0.1135812,0.017176278,-0.0012739297,0.026105314,-0.02364442
-3.385964912280702,0.01605553353509057,0.01684665,0.004220726,0.015192565,0.018691454,0.0674835,0.11519139,0.018073738,-0.0009736698,0.028127424,-0.024411753
-3.3508771929824563,0.017032932311104147,0.018560698,0.0047015403,0.016868662,0.019892868,0.06924419,0.11625558,0.019002024,-0.00058438984,0.030266317,-0.024963474
-3.3157894736842106,0.018058711447992017,0.02048639,0.005250822,0.018739093,0.021160172,0.070847124,0.11673396,0.019960124,-8.875043e-05,0.032515973,-0.025227346
-3.280701754385965,0.019134484056786777,0.02265349,0.0058804676,0.020819936,0.022493329,0.07226075,0.11659914,0.020946711,0.0005329739,0.034865346,-0.025118828
-3.2456140350877196,0.0202618648260923,0.02509629,0.0066047907,0.023124345,0.023891177,0.07345143,0.115837075,0.021960262,0.0013029538,0.03729702,-0.024540655
-3.210526315789474,0.021442466024833167,0.027853942,0.0074411593,0.025659733,0.025351256,0.07438397,0.11444799,0.022999074,0.00224545,0.03978552,-0.023383792
-3.175438596491228,0.02267789327591172,0.030970836,0.008410584,0.028423488,0.026869126,0.07502181,0.112446,0.02406116,0.0033861944,0.042294912,-0.021528915
-3.140350877192983,0.023969741103334125,0.034497645,0.009538692,0.03139639,0.028438285,0.07532738,0.10985758,0.025144387,0.0047514373,0.044776853,-0.018849947
-3.105263157894737,0.025319588256519397,0.038491238,0.010856768,0.034532823,0.030049376,0.07526256,0.10671979,0.026246432,0.0063660927,0.047167525,-0.015219387
-3.0701754385964914,0.026728992816708163,0.043015327,0.012403293,0.037746444,0.031689774,0.074788764,0.10307711,0.027364874,0.008251227,0.049385473,-0.010515781
-3.0350877192982457,0.028199487091634126,0.048139773,0.01422568,0.04088867,0.03334275,0.073867604,0.0989786,0.028497225,0.010420489,0.05132913,-0.0046343855
-3.0,0.02973257230590736,0.053940207,0.016382497,0.04371961,0.034986693,0.07246115,0.09447424,0.029640961,0.012876011,0.05287583,0.0024998267
-2.9649122807017543,0.031329713095879105,0.060496174,0.018946312,0.0458692,0.036594104,0.070532724,0.08961211,0.030793715,0.015603438,0.053882204,0.010916722
-2.9298245614035086,0.032992331819108725,0.06788702,0.022007424,0.04679606,0.038130462,0.06804764,0.084435396,0.031953342,0.018567568,0.05418814,0.020584147
-2.8947368421052637,0.03472180268992574,0.07618615,0.025677979,0.045762897,0.0395526,0.064974934,0.07897951,0.033118352,0.021710332,0.05362594,0.031391747
-2.859649122807018,0.03651944575396989,0.085449755,0.030097429,0.04187701,0.040806957,0.061290316,0.07326983,0.034288175,0.024953354,0.052035812,0.0431367
-2.8245614035087723,0.038386520715991725,0.09569869,0.035438642,0.034284204,0.041827127,0.05698076,0.067318946,0.035463918,0.028208502,0.049291648,0.05551678
-2.7894736842105265,0.04032422063659693,0.106889665,0.04191369,0.022626422,0.042530622,0.052052546,0.06112349,0.03664894,0.031399056,0.045338687,0.06813097
-2.754385964912281,0.04233366551501413,0.118869245,0.04977898,0.007801195,0.04281487,0.046543363,0.054659948,0.037850276,0.034493137,0.040244438,0.08049337
-2.719298245614035,0.04441589577634645,0.13130522,0.05933457,-0.007236448,0.042552162,0.04054074,0.04788027,0.03907986,0.037544414,0.034263417,0.09205831
-2.6842105263157894,0.04657186568312733,0.14359292,0.070911564,-0.017446797,0.041584536,0.034206413,0.04070612,0.040356353,0.040732462,0.027911365,0.10225772
-2.6491228070175445,0.04880243669232789,0.15473948,0.0848297,-0.017513946,0.0397196,0.0278068,0.03302598,0.041707326,0.044386834,0.02204318,0.11054268
-2.614035087719299,0.05110837078025135,0.16325216,0.10129818,-0.0052364734,0.036732472,0.021742547,0.024699057,0.043171484,0.048981078,0.017917106,0.11642316
-2.578947368421053,0.053490323758986234,0.16707848,0.120213315,0.016346917,0.0323824,0.016564548,0.015580737,0.044801213,0.05508563,0.017217508,0.11949308
-2.5438596491228074,0.05594883860926975,0.16365342,0.14079532,0.040784497,0.026461966,0.012956001,0.005598871,0.046664655,0.06327843,0.021992167,0.11942847
-2.5087719298245617,0.05848433885572119,0.15009864,0.16104767,0.062355973,0.01890524,0.011656287,-0.005066322,0.048846997,0.07401842,0.034430522,0.115946546
-2.473684210526316,0.061097122011436425,0.123598516,0.17717257,0.07857796,0.0099866595,0.013318653,-0.015610939,0.051450185,0.08748157,0.05639898,0.1087122
-2.43859649122807,0.06378735311987829,0.08212605,0.18339413,0.08983439,0.00061219186,0.018326126,-0.023982335,0.054589197,0.10335255,0.08867431,0.097178146
-2.4035087719298245,0.06655505842284364,0.026187038,0.17296487,0.097675994,-0.0073984372,0.026625415,-0.02615451,0.058382556,0.12056802,0.12995501,0.08035016
-2.3684210526315788,0.06940011918402678,-0.037135594,0.14122064,0.10339003,-0.011346791,0.037637487,-0.016103972,0.062933885,0.13706625,0.1760133,0.056489293
-2.333333333333334,0.07232226569832387,-0.08805096,0.09131123,0.10736194,-0.008452812,0.050256643,0.012083481,0.06829862,0.14970344,0.21963656,0.022870861
-2.298245614035088,0.07532107151752347,-0.094608806,0.041353058,0.109106064,0.0025114743,0.06294307,0.060045063,0.07442999,0.15460685,0.2519222,-0.023925176
-2.2631578947368425,0.07839594792339322,-0.035833016,0.023136085,0.10774473,0.019760624,0.07399134,0.12312685,0.08109856,0.14825772,0.2647158,-0.08578893
-2.2280701754385968,0.08154613867940498,0.067521624,0.056843333,0.102691874,0.038814627,0.0820585,0.19244555,0.08778639,0.12979618,0.2528897,-0.15622899
-2.192982456140351,0.08477071509241695,0.16441873,0.122508064,0.09419538,0.054800414,0.08677505,0.2524686,0.093578316,0.10612799,0.21509685,-0.20924631
-2.1578947368421053,0.08806857141555868,0.21740524,0.17804745,0.08341473,0.06488362,0.08899926,0.27737936,0.097118065,0.10162007,0.1534354,-0.20020396
-2.1228070175438596,0.09143842062333311,0.22210816,0.19989598,0.0720193,0.06909929,0.09049282,0.24890998,0.0967677,0.1598467,0.07561532,-0.09556088
-2.0877192982456148,0.09487879058954848,0.195087,0.19103347,0.061621703,0.069576345,0.09327858,0.17650574,0.09111392,0.2957424,0.005229496,0.08837518
-2.052631578947369,0.09838802069812763,0.15580142,0.16533834,0.053390957,0.06917989,0.09907694,0.08760801,0.07974292,0.42452306,-0.006908361,0.25722948
-2.0175438596491233,0.10196425891609837,0.117337294,0.13513923,0.047964454,0.07049379,0.108938284,0.012255894,0.06421826,0.41533372,0.08091265,0.3293687
-1.9824561403508776,0.10560545935715691,0.085607424,0.10762107,0.04556901,0.0754717,0.122904606,-0.023410488,0.051581312,0.252412,0.20700425,0.33035207
-1.9473684210526319,0.10930938036309966,0.061921313,0.085768975,0.046204917,0.08554997,0.13947949,-0.009856883,0.060633656,0.06559947,0.22458047,0.31417602
-1.9122807017543861,0.1130735831291505,0.045508243,0.07021448,0.049800977,0.10189031,0.15495755,0.037010893,0.10715479,-0.03237082,0.09184905,0.30269352
-1.8771929824561404,0.11689543089776534,0.03502301,0.06060984,0.056309685,0.12552775,0.16353887,0.09064941,0.16447468,-0.035740864,-0.06298952,0.29406217
-1.8421052631578947,0.12077208874387213,0.029218908,0.056379825,0.06574405,0.15728745,0.1604552,0.13358246,0.18265742,0.0081106555,-0.116702184,0.2804505
-1.807017543859649,0.1247005239727138,0.027161306,0.057060376,0.078170344,0.19733034,0.14872445,0.1611723,0.15439385,0.059429295,-0.062089257,0.25698617
-1.7719298245614041,0.12867750714950046,0.028240625,0.062417373,0.093663864,0.24411511,0.1409106,0.17613544,0.10905354,0.09911485,0.039968062,0.22395739
-1.7368421052631584,0.13269961377795383,0.032115303,0.072459936,0.112228945,0.29251736,0.14576176,0.18364473,0.07031092,0.121106386,0.13366038,0.18549347
-1.7017543859649127,0.13676322664254806,0.03863821,0.0873961,0.13368157,0.33103853,0.15672821,0.18880224,0.04584422,0.12591106,0.1928344,0.14715219
-1.666666666666667,0.14086453882682642,0.047776353,0.107535996,0.15749162,0.33904773,0.16181678,0.1954459,0.035306785,0.11767103,0.2138595,0.114003554
-1.6315789473684212,0.1449995574176041,0.059520945,0.13311636,0.18259607,0.28843987,0.15650147,0.20559931,0.036695503,0.10235186,0.20434667,0.08977418
-1.5964912280701755,0.14916410790217496,0.07377233,0.16400018,0.20721057,0.16227384,0.14425543,0.2193089,0.04842911,0.08614475,0.17582417,0.07682038
-1.5614035087719298,0.15335383926282548,0.09018497,0.19917777,0.22869578,0.0026854877,0.13143772,0.23477653,0.06908104,0.07438772,0.13971615,0.07638897
-1.526315789473685,0.15756422977003945,0.107971504,0.2360065,0.24355988,-0.074514486,0.12356212,0.24879973,0.09615364,0.07119309,0.10549216,0.08868288
-1.4912280701754392,0.16179059347276853,0.12571251,0.26918173,0.24771619,-0.017776418,0.12400678,0.2575726,0.124788694,0.07952897,0.08028986,0.11247855
-1.4561403508771935,0.16602808738104782,0.14134793,0.2897399,0.23721564,0.08157241,0.13406411,0.2577911,0.14756027,0.101225875,0.06908476,0.14443603
-1.4210526315789478,0.17027171933309013,0.15277952,0.2852742,0.20994908,0.1411266,0.15331234,0.24777448,0.15635008,0.13637598,0.07430796,0.17871748
-1.385964912280702,0.17451635653578515,0.15965138,0.24449877,0.1688954,0.1551818,0.17986803,0.22817981,0.14587572,0.18186732,0.09435954,0.2078375
-1.3508771929824563,0.17875673476430323,0.16598243,0.17025933,0.1257128,0.14615597,0.21063575,0.20205979,0.11658188,0.22969294,0.122072995,0.22502963
-1.3157894736842106,0.18298746820325643,0.18048725,0.09422359,0.09888385,0.13219239,0.24220283,0.17448546,0.07479534,0.26697853,0.14569283,0.22704291
-1.280701754385965,0.1872030599086316,0.21090572,0.061276432,0.102395296,0.122937754,0.27350774,0.15233022,0.030693967,0.27958906,0.15351103,0.21524394
-1.2456140350877192,0.19139791286649163,0.25736398,0.079980195,0.13722189,0.12317227,0.311325,0.14483154,-0.0029994259,0.25774208,0.13899116,0.19346017
-1.2105263157894743,0.19556634162126676,0.31311226,0.11691737,0.19675219,0.13631499,0.37496173,0.16448262,-0.008017583,0.20008826,0.10345052,0.16296631
-1.1754385964912286,0.19970258444334066,0.36433858,0.14268553,0.26816455,0.16619654,0.46764395,0.22261451,0.050070908,0.12571064,0.072249696,0.12248096
-1.140350877192983,0.20380081600260144,0.3822766,0.15156356,0.31740326,0.2139518,0.45764184,0.3022568,0.22971602,0.09460117,0.15453611,0.10653736
-1.1052631578947372,0.20785516051168793,0.33892792,0.15114328,0.30176148,0.26061743,0.23887251,0.32621428,0.5038781,0.101371825,0.31508023,0.20358747
-1.0701754385964914,0.21185970529983983,0.25449175,0.15263185,0.23496363,0.25221232,0.08440703,0.2558394,0.5407602,0.106118456,0.22889078,0.29243964
-1.0350877192982457,0.2158085147755723,0.18007267,0.16893953,0.17358549,0.18546233,0.060346745,0.17489077,0.32290912,0.14727768,0.12680346,0.3229168
-1.0,0.21969564473386122,0.13755193,0.2158984,0.14410087,0.14232206,0.08325404,0.13969395,0.18710217,0.19997644,0.0998425,0.36218014
-0.9649122807017552,0.2235151569611601,0.12120734,0.30573228,0.1439175,0.14010353,0.12734804,0.14275698,0.17960888,0.24075212,0.10568896,0.38639775
-0.9298245614035094,0.2272611340893904,0.12146315,0.40908253,0.16593328,0.14994983,0.19010054,0.16761747,0.2416825,0.25805908,0.11882305,0.39315706
-0.8947368421052637,0.23092769464807,0.13278732,0.42159924,0.20650274,0.15517774,0.26487952,0.20395915,0.32643512,0.24919015,0.12862997,0.39244646
-0.859649122807018,0.2345090082619861,0.15303063,0.3226377,0.26466483,0.1518938,0.33333766,0.24460766,0.3979235,0.22215028,0.13562253,0.3929469
-0.8245614035087723,0.23799931094028634,0.18166457,0.23883197,0.3385163,0.14304793,0.36957186,0.28283882,0.43065155,0.19062164,0.14659598,0.3985955
-0.7894736842105265,0.241392920401579,0.21830189,0.21932092,0.41907516,0.13765936,0.35704073,0.31206298,0.41818643,0.16600272,0.16830182,0.40825495
-0.7543859649122808,0.2446842513785966,0.26109472,0.24532108,0.48308367,0.1530657,0.3035618,0.32721573,0.37449068,0.15334065,0.20366257,0.41704458
-0.7192982456140351,0.24786783084521183,0.30458862,0.30174577,0.49363637,0.21866885,0.23482244,0.32665664,0.3221194,0.15194294,0.25113857,0.4182344
-0.6842105263157894,0.2509383131080958,0.33759472,0.3884763,0.4204104,0.36798123,0.1741976,0.31301188,0.27864474,0.15786025,0.3052893,0.40502322
-0.6491228070175445,0.25389049470509195,0.3437188,0.511177,0.26930645,0.5603942,0.13109758,0.29212978,0.25149614,0.16610317,0.35712406,0.37196296
-0.6140350877192988,0.25671932905244604,0.30842483,0.64101917,0.08744638,0.56421983,0.10275392,0.27075112,0.24014279,0.17200497,0.39404383,0.31611535
-0.5789473684210531,0.2594199407833835,0.23188777,0.6422012,-0.06089329,0.29188907,0.08094151,0.2543379,0.24028635,0.17195112,0.39999527,0.23813826
-0.5438596491228074,0.2619876397211719,0.13739586,0.36878198,-0.10667832,0.04644394,0.05750899,0.24598388,0.2469733,0.16381626,0.35699326,0.1436584
-0.5087719298245617,0.2644179344307356,0.06545967,0.038778756,0.05187283,-0.018657058,0.027744386,0.24627881,0.25620416,0.14738101,0.25063545,0.045223594
-0.47368421052631593,0.2667065452941083,0.059597928,0.1583284,0.58957064,0.059613854,-0.0077284127,0.2533633,0.26556545,0.124952994,0.08629644,-0.035381854
-0.4385964912280702,0.26884941705651366,0.15735377,0.9108043,1.5476307,0.243004,-0.042321958,0.26247704,0.27440345,0.1023915,-0.07300615,-0.06660241
-0.40350877192982537,0.2708427307916423,0.37402874,1.1250565,1.069047,0.5653033,-0.06439921,0.26568028,0.28377235,0.09047453,-0.06290746,-0.014088005
-0.36842105263157965,0.27268291523674537,0.5478604,-0.14939502,-1.011648,0.9176949,-0.05873064,0.25588587,0.29599172,0.10563525,0.284285,0.13659029
-0.3333333333333339,0.27436665745047795,0.07528185,0.6859579,0.38132292,-0.43000954,2.7720816e-05,0.23963466,0.31317165,0.1665493,0.76506484,0.34331954
-0.2982456140350882,0.27589091274898825,0.2471093,0.5101399,0.26076493,0.5442248,0.19262873,0.19374174,0.33391905,0.27954942,0.8595288,0.49377167
-0.2631578947368425,0.27725291387855344,0.39476442,0.2927158,0.12885602,0.4026456,0.6772208,-0.73051125,0.35063845,0.41164932,0.5638911,0.47912604
-0.22807017543859676,0.27845017938608674,0.2641842,0.23514664,0.11151709,0.13527623,-0.2386848,-1.7224784,0.3643375,0.4908559,0.28451315,0.3228491
-0.19298245614035103,0.27948052115208244,0.24134807,0.46931088,0.1533602,0.0861305,0.25450942,1.5667505,0.46273804,0.52533334,0.22465158,0.16286373
-0.1578947368421053,0.2803420510539907,0.5975057,-0.5943435,0.558587,0.13516313,0.9709646,0.89665604,0.7803364,0.6654695,0.4570764,0.10333736
-0.12280701754385959,0.2810331867316213,0.20864357,0.0038705803,-0.3589958,-0.39814875,-0.2705762,0.3386044,-0.39096874,-0.6439196,0.3745788,0.1987544
-0.08771929824561475,0.28155265642993677,0.34408197,0.027441459,0.12759525,0.2309879,1.4488429,0.19820601,1.408728,0.80699843,-0.3564689,-0.27156344
-0.05263157894736903,0.28189950289848614,0.32975307,0.021854341,0.17368099,0.18277945,0.44172585,-0.067271024,0.49557,0.4816811,1.0994897,-1.0381355
-0.017543859649123306,0.2820730863307485,0.27980512,0.05452476,0.15084384,0.18206756,0.45695823,0.43417758,-0.0398096,0.09246789,-0.48568377,3.2677343
0.017543859649122417,0.2820730863307485,0.21910341,0.12182289,0.11448847,0.18496944,0.49087834,0.5231641,4.6304197,-1.6167545,2.0345418,0.4998355
0.05263157894736814,0.28189950289848614,0.15824455,0.20590511,0.07058869,0.18641517,0.51136476,0.24128428,-0.056229655,0.9748072,0.27834767,0.23329979
0.08771929824561386,0.28155265642993677,0.10267351,0.2886958,0.024807021,0.18542731,0.50839436,0.20151013,-0.23642695,-0.20863456,0.14563614,0.16278346
0.12280701754385959,0.2810331867316213,0.053862747,0.35832357,-0.001734823,0.18021768,0.4655857,0.09209524,-0.032599732,-0.33594352,0.113546476,0.15672395
0.15789473684210442,0.2803420510539907,0.011736587,0.4097805,0.05149228,0.168605,0.3586474,-0.15355717,0.35677105,-0.42664617,0.09201796,0.17667839
0.19298245614035014,0.2794805211520825,-0.021341385,0.443182,0.2698244,0.1516412,0.169135,-0.4828631,0.6231455,-0.3605721,0.11671611,0.20822056
0.22807017543859587,0.2784501793860868,-0.033997454,0.46257648,0.53853685,0.14668483,-0.030255854,-0.06992045,0.44101256,0.21802485,0.4046169,0.25696924
0.2631578947368416,0.27725291387855344,0.0035101324,0.4767896,0.45396632,0.21863285,0.15634677,1.8560979,0.08570867,1.2048116,1.0266266,0.36136764
0.2982456140350873,0.27589091274898836,0.13829339,0.4989305,0.18263292,0.46365088,0.79658747,0.629259,-0.01577527,0.846604,0.56878495,0.40506622
0.33333333333333304,0.27436665745047795,0.36580592,0.5247561,0.100496665,0.6314219,0.278881,-0.45871943,0.12919249,0.13777441,0.11742543,-0.010161847
0.36842105263157876,0.2726829152367454,0.48216492,0.4932871,0.15771332,0.18789189,-0.095787644,-0.042059958,0.34680408,0.074358895,0.5618992,0.13088226
0.4035087719298245,0.27084273079164234,0.314639,0.38060632,0.2537396,-0.14973046,0.34065098,0.516584,0.551581,0.15407643,-0.029010147,0.7957115
0.4385964912280702,0.26884941705651366,0.117326915,0.2996961,0.3506835,0.027797557,0.7126571,0.72418815,0.566834,0.14398815,-2.4772248,-2.6826022
0.47368421052631504,0.26670654529410837,0.07941017,0.3096002,0.43685693,0.32347226,-0.024727985,-0.08552036,-0.4715125,-0.01300117,0.3617852,2.9120305
0.5087719298245608,0.2644179344307357,0.15970597,0.37526792,0.50581616,0.3684528,-2.2641664,-0.26763147,-0.19774874,0.38133195,1.8249593,1.2590182
0.5438596491228065,0.26198763972117195,0.28930777,0.45367545,0.5485092,-0.66638064,-0.38989124,0.9320619,1.2365906,0.70695305,1.7066362,-0.30939874
0.5789473684210522,0.2594199407833835,0.41337958,0.51326007,0.54923356,-2.3495655,1.7424446,0.20892915,-0.057630226,0.41437697,0.8093199,0.147576
0.6140350877192979,0.2567193290524461,0.41001377,0.51119244,0.4797986,-0.2651147,1.4128793,0.020663522,0.3788693,0.37272686,-0.8042625,0.2678543
0.6491228070175437,0.253890494705092,-0.095423914,0.3405214,0.2744857,1.4313794,0.26827058,0.1298083,0.3966274,0.3731259,-0.9338385,0.3659629
0.6842105263157894,0.2509383131080958,-0.9965825,-0.081702754,-0.17802261,1.96492,-0.08798005,0.23874748,0.20877033,0.06714624,0.23598418,0.5995128
0.7192982456140342,0.24786783084521194,-0.30162272,-0.17778262,-0.36453688,1.5824182,0.17680323,0.5484059,0.17205665,-0.39357337,0.7984747,0.84395957
0.7543859649122799,0.24468425137859667,0.6521673,0.14770523,0.30696857,0.6491829,0.67897385,0.67553794,0.11994724,0.80804634,-0.16523899,-0.3850632
0.7894736842105257,0.2413929204015791,0.90720004,0.27957132,0.52176684,0.29260477,0.2978162,0.024649741,0.08712275,1.1925883,0.89357764,1.1708715
0.8245614035087714,0.23799931094028642,0.6291759,0.26996645,-0.109869376,0.4752053,-0.036789037,0.11223772,0.072697,0.60989225,0.62682796,-0.08213181
0.8596491228070171,0.2345090082619862,0.2818759,0.18568984,-0.76022786,-0.025375191,0.09085802,0.17272037,0.072158165,0.13718945,-0.41785425,0.31259355
0.8947368421052628,0.23092769464807011,0.48353195,-0.09836401,0.049380343,0.061218847,0.16832349,0.20231393,0.08275661,0.23011556,0.25868037,0.24947423
0.9298245614035086,0.22726113408939044,0.5187542,-0.25712985,0.58623624,0.30853492,0.23189563,0.22669792,0.10342637,0.36900318,0.6330895,0.10945013
0.9649122807017543,0.22351515696116014,0.3621899,0.08431007,0.6766519,0.4507106,0.28441525,0.24165073,0.13416307,0.37055385,0.43035895,0.04474345
1.0,0.21969564473386122,0.2918055,0.27071476,0.6036793,0.62769717,0.2725859,0.2312793,0.17509755,0.32581472,0.23338845,0.027138658
1.0350877192982448,0.2158085147755724,0.30190945,0.30894673,0.45494062,0.81534576,0.16523221,0.17322943,0.22438028,0.32093295,0.12892081,0.03351475
1.0701754385964914,0.21185970529983983,0.32248282,0.3003427,0.25378698,0.6416143,0.12040733,0.060244728,0.27284792,0.39104843,0.08354129,0.05334501
1.1052631578947363,0.207855160511688,0.3206719,0.2767449,0.05047922,-0.28768116,0.28921625,-0.051878966,0.29258358,0.47602648,0.07167464,0.08079231
1.140350877192983,0.20380081600260144,0.28205854,0.24648172,0.02053051,-0.012420027,0.463668,-0.05392416,0.2238928,0.31203437,0.07920626,0.10932848
1.1754385964912277,0.19970258444334074,0.19773184,0.20969193,0.3155728,0.63195187,0.4883048,0.06988169,0.02197627,-0.069232024,0.0923772,0.12944958
1.2105263157894726,0.19556634162126696,0.09925219,0.1604021,0.63433486,0.59744895,0.41833836,0.20912221,-0.11875163,0.026217084,0.08867805,0.13089332
1.2456140350877192,0.19139791286649163,0.12732315,0.09079957,0.6526668,0.42829573,0.32915398,0.28405234,0.09795883,0.16562594,0.044137564,0.11180411
1.280701754385964,0.18720305990863167,0.3456039,0.015131369,0.4809533,0.30742577,0.2536924,0.2958696,0.35771096,0.14975604,-0.021209711,0.09046813
1.3157894736842106,0.18298746820325643,0.4952703,0.011130911,0.3067607,0.23552358,0.19922203,0.2741662,0.37155038,0.103892066,-0.020977648,0.09975475
1.3508771929824555,0.17875673476430334,0.44578588,0.13116074,0.18825132,0.19395527,0.16463317,0.24229506,0.25734,0.0714999,0.06824205,0.15488249
1.385964912280702,0.17451635653578515,0.318995,0.24317351,0.11735755,0.1726082,0.14756918,0.21218453,0.14455497,0.055603936,0.15600419,0.2355774
1.421052631578947,0.1702717193330902,0.21518415,0.2458144,0.07654092,0.16920912,0.14591365,0.1883674,0.07142455,0.0529425,0.19090733,0.31020036
1.4561403508771917,0.16602808738104805,0.1542608,0.18917547,0.052999858,0.18579799,0.15696964,0.1718097,0.036012266,0.060785037,0.18964046,0.36105675
1.4912280701754383,0.16179059347276864,0.12821598,0.13438231,0.038431168,0.22486529,0.17611647,0.16195063,0.028940685,0.07698176,0.1775047,0.3850056
1.5263157894736832,0.15756422977003964,0.12908612,0.10186669,0.026758038,0.28402662,0.1963489,0.1574083,0.041863963,0.09905286,0.16696173,0.38495368
1.5614035087719298,0.15335383926282548,0.15355271,0.092243716,0.0137490295,0.34900337,0.20955133,0.15589188,0.06667649,0.123652264,0.16112277,0.36512572
1.5964912280701746,0.14916410790217507,0.19951457,0.10125797,0.0010804809,0.38954633,0.20920911,0.15383062,0.09282904,0.14681892,0.15903658,0.33017936
1.6315789473684212,0.1449995574176041,0.25988603,0.12155012,0.0027617305,0.3736426,0.19350897,0.14686853,0.10766538,0.16495796,0.15846848,0.2853094
1.666666666666666,0.1408645388268265,0.31799364,0.14086875,0.040847685,0.3051217,0.16690835,0.1330696,0.103284456,0.17597567,0.1571536,0.23597234
1.701754385964911,0.13676322664254828,0.351664,0.14511326,0.121877916,0.22974288,0.13763323,0.11807619,0.08433828,0.17982846,0.15340456,0.18718371
1.7368421052631575,0.13269961377795395,0.34642953,0.12737313,0.21494323,0.18336907,0.11248049,0.11498825,0.064107805,0.17817484,0.14639476,0.14282203
1.7719298245614024,0.12867750714950066,0.3050449,0.09443644,0.27316839,0.16506857,0.09398554,0.1338864,0.051868405,0.17345136,0.13619356,0.10527904
1.807017543859649,0.1247005239727138,0.2447133,0.06326909,0.27939308,0.158603,0.081399664,0.17138433,0.04791298,0.16793898,0.123596065,0.07553171
1.8421052631578938,0.12077208874387219,0.18660605,0.046574358,0.24954095,0.15267724,0.07286466,0.21317002,0.048076987,0.16318318,0.109830275,0.053496476
1.8771929824561404,0.11689543089776534,0.14413807,0.043610867,0.20645392,0.14370689,0.06675032,0.24505663,0.048637282,0.15981747,0.0962407,0.03846418
1.9122807017543852,0.1130735831291506,0.11852382,0.047035456,0.16468611,0.13202739,0.062011868,0.26023185,0.04781747,0.15766753,0.08403226,0.029470863
1.9473684210526319,0.10930938036309966,0.10403246,0.05136299,0.13002083,0.11892674,0.05808876,0.25916496,0.045307264,0.15599884,0.07411664,0.025543548
1.9824561403508767,0.10560545935715701,0.094726175,0.054543216,0.10333994,0.1054641,0.054713536,0.24610823,0.04145903,0.15381129,0.06705978,0.025825959
2.0175438596491215,0.10196425891609855,0.08711416,0.05638395,0.08362386,0.09224377,0.051767122,0.22598144,0.036766537,0.15012048,0.06309919,0.02961077
2.052631578947368,0.09838802069812773,0.07979782,0.057233617,0.06943823,0.079499595,0.049195748,0.20279324,0.031644277,0.14418404,0.062198494,0.03631491
2.087719298245613,0.09487879058954868,0.07246461,0.05744111,0.059496716,0.0672175,0.046969425,0.17924683,0.026381865,0.13564323,0.06410966,0.04542566
2.1228070175438596,0.09143842062333311,0.06520349,0.057234414,0.052802976,0.05521866,0.045065165,0.15691054,0.021175485,0.12456986,0.068427,0.056434274
2.1578947368421044,0.08806857141555878,0.058190044,0.056737043,0.04864046,0.04319728,0.04346048,0.13654782,0.016183814,0.11143056,0.074626185,0.068772525
2.192982456140351,0.08477071509241695,0.051574435,0.056007724,0.046517774,0.030725516,0.042132486,0.11841687,0.011585813,0.09699683,0.082089886,0.081765056
2.228070175438596,0.08154613867940508,0.045456365,0.055072132,0.046110816,0.017237332,0.041057874,0.10248931,0.0076304246,0.08223061,0.09012403,0.09460714
2.2631578947368425,0.07839594792339322,0.039888684,0.053942397,0.047212772,0.0020104728,0.040214237,0.08859342,0.0046680137,0.06816189,0.09796775,0.10637862
2.2982456140350873,0.07532107151752354,0.03488784,0.05262778,0.04968963,-0.015832124,0.03957987,0.07649846,0.0031514242,0.055758305,0.104804456,0.11610088
2.333333333333332,0.07232226569832405,0.030444546,0.051139995,0.05343977,-0.03725567,0.039134465,0.065961815,0.0035925643,0.045793254,0.109776326,0.122833036
2.3684210526315788,0.06940011918402678,0.026531836,0.049494535,0.058351614,-0.06311777,0.03885812,0.056753423,0.006466752,0.038726058,0.112010665,0.12579322
2.4035087719298236,0.06655505842284369,0.023112446,0.047711305,0.0642575,-0.09374227,0.038730785,0.048665855,0.012076746,0.034633055,0.11066914,0.124480344
2.43859649122807,0.06378735311987829,0.02014297,0.045813464,0.070882924,-0.12819779,0.038730375,0.04151702,0.020416463,0.033215143,0.10503985,0.11875797
2.473684210526315,0.06109712201143646,0.017577844,0.043826275,0.07779369,-0.16334867,0.03883037,0.035149854,0.03108734,0.03388773,0.094697624,0.10887847
2.5087719298245617,0.05848433885572119,0.015371604,0.04177601,0.084349655,-0.1931413,0.038996264,0.029428883,0.04331748,0.035922118,0.079760306,0.09542862
2.5438596491228065,0.05594883860926983,0.013480558,0.03968858,0.08968345,-0.20906675,0.039180342,0.024236778,0.056085628,0.038592394,0.061233267,0.07921279
2.5789473684210513,0.05349032375898633,0.011864016,0.037588645,0.09272885,-0.20273685,0.039314386,0.019470979,0.068308115,0.041285634,0.041354094,0.061105713
2.614035087719298,0.051108370780251405,0.010484661,0.035498645,0.09233155,-0.17010614,0.03929998,0.015039278,0.079021685,0.04356141,0.023702282,0.041910768
2.6491228070175428,0.048802436692327984,0.009308767,0.033438638,0.08746762,-0.11465777,0.038995706,0.010857415,0.08751522,0.045157608,0.012732707,0.02226207
2.6842105263157894,0.04657186568312733,0.008306558,0.031425644,0.07757034,-0.04662426,0.038200736,0.006845438,0.09338823,0.045967445,0.012508528,0.0025815172
2.719298245614034,0.04441589577634651,0.007451667,0.029473646,0.062901,0.021494644,0.03663578,0.002926034,0.09654449,0.045998797,0.024943516,-0.016899796
2.754385964912281,0.04233366551501413,0.0067212414,0.027593676,0.044822745,0.07971545,0.03392363,-0.0009767339,0.09714248,0.045332428,0.048519567,-0.036073245
2.7894736842105257,0.04032422063659698,0.0060954494,0.025793992,0.025770387,0.12280116,0.029574098,-0.0049373247,0.095519334,0.044088148,0.0784889,-0.054847304
2.8245614035087705,0.038386520715991815,0.0055574114,0.024080213,0.008770984,0.14985973,0.02298452,-0.00902554,0.092113316,0.04239804,0.10860114,-0.07302151
2.859649122807017,0.03651944575396996,0.005092621,0.022455748,-0.0034206086,0.16275932,0.013474697,-0.013300008,0.08739211,0.0403896,0.13330828,-0.09015979
2.894736842105262,0.0347218026899258,0.0046889307,0.020922117,-0.009205192,0.16458523,0.00038529641,-0.017796513,0.08179979,0.03817651,0.14923187,-0.105490096
2.9298245614035086,0.032992331819108725,0.00433602,0.0194791,-0.008585211,0.1585928,-0.01672375,-0.022508636,0.07572272,0.035853725,0.15546174,-0.11787031
2.9649122807017534,0.03132971309587913,0.0040253303,0.018125413,-0.0029499184,0.14765096,-0.037744775,-0.027359579,0.069474325,0.033497244,0.15299818,-0.12586544
3.0,0.02973257230590736,0.0037497014,0.016858533,0.005604421,0.13402759,-0.061578583,-0.032165818,0.06329167,0.031164827,0.14388716,-0.1279701
3.035087719298245,0.028199487091634175,0.003503243,0.015675362,0.015008137,0.11937283,-0.085692406,-0.036595095,0.057343114,0.02889874,0.13045451,-0.12296181
3.0701754385964914,0.026728992816708163,0.0032811037,0.0145722,0.023693094,0.1047998,-0.10596047,-0.04013041,0.051737886,0.026728058,0.11480329,-0.11029532
3.1052631578947363,0.025319588256519424,0.0030793129,0.013545037,0.03073971,0.09099782,-0.11718234,-0.0420601,0.0465391,0.024671331,0.0985755,-0.090392806
3.140350877192981,0.023969741103334198,0.002894628,0.012589623,0.035793666,0.07834758,-0.114504665,-0.041517477,0.04177498,0.022739217,0.082907565,-0.0646883
3.1754385964912277,0.022677893275911742,0.0027244422,0.011701684,0.038891617,0.06701558,-0.095403925,-0.037598453,0.037449043,0.020936187,0.068489835,-0.03538071
3.2105263157894726,0.021442466024833216,0.002566643,0.010876964,0.040287547,0.05703123,-0.06118243,-0.029557679,0.033548117,0.01926231,0.055669896,-0.0049878582
3.245614035087719,0.02026186482609232,0.0024195143,0.010111275,0.040322483,0.048339583,-0.01690194,-0.01704615,0.03004857,0.01771461,0.044556305,0.024135035
3.280701754385964,0.019134484056786798,0.0022817058,0.009400599,0.039342873,0.040840816,0.030346861,-0.00031183695,0.026920931,0.016287953,0.035106104,0.0501503
3.3157894736842106,0.018058711447992017,0.0021521368,0.008741063,0.03765788,0.034413595,0.07379023,0.019734832,0.024133027,0.014975905,0.027190218,0.07189838
3.3508771929824555,0.017032932311104185,0.0020299305,0.008129031,0.035522297,0.02893194,0.108664654,0.041633103,0.0216523,0.01377136,0.020639224,0.08888014
3.385964912280702,0.01605553353509057,0.0019144024,0.0075610788,0.03313456,0.024273733,0.13274051,0.063636206,0.019447189,0.012666902,0.015271583,0.10112785
3.421052631578947,0.015124907353189452,0.0018049843,0.0070339497,0.030642187,0.020325927,0.14594056,0.08402854,0.017487906,0.011654979,0.01091134,0.109037004
3.4561403508771917,0.014239454878645702,0.0017012246,0.0065446547,0.028150372,0.016986918,0.14958836,0.10139118,0.015747046,0.010728336,0.0073971907,0.11320671
3.4912280701754383,0.013397589410060593,0.0016027589,0.00609039,0.025730735,0.014166968,0.14568453,0.11476195,0.0141996285,0.009879982,0.004586257,0.11431333
3.526315789473683,0.012597739507861905,0.0015092778,0.0056685577,0.023429146,0.01178809,0.1363733,0.12368119,0.012823159,0.00910332,0.0023551364,0.11302509
3.56140350877193,0.01183835184426983,0.001420518,0.0052767657,0.021272585,0.0097830305,0.123617046,0.12815073,0.011597624,0.008392145,0.0005993974,0.10994953
3.5964912280701746,0.01111789382994182,0.0013362668,0.0049127727,0.019274514,0.008094301,0.10903905,0.12854089,0.010505231,0.007740777,-0.00076888077,0.10560933
3.6315789473684212,0.010434856021221031,0.0012563115,0.0045745387,0.017438862,0.0066728666,0.09387832,0.12547141,0.009530243,0.007143956,-0.0018225372,0.10043481
3.666666666666666,0.009787754312596241,0.0011804778,0.004260162,0.015763136,0.00547715,0.079012156,0.11969136,0.008658871,0.0065968074,-0.002621771,0.09476755
3.701754385964911,0.009175131919596066,0.0011086051,0.003967887,0.014240872,0.0044721314,0.065013416,0.11197414,0.0078789415,0.0060949614,-0.003215925,0.08887028
3.7368421052631575,0.008595561157897894,0.0010405311,0.0036960945,0.012863061,0.0036278903,0.05221465,0.10303894,0.0071797553,0.005634368,-0.0036453921,0.082938306
3.7719298245614024,0.008047645024923703,0.00097610365,0.0034433054,0.011619347,0.0029194665,0.04077388,0.093502216,0.006552009,0.0052113663,-0.003943068,0.07711256
3.807017543859649,0.0075300185906283625,0.000915186,0.0032081392,0.010498909,0.0023256696,0.030726505,0.08385446,0.0059874775,0.0048226463,-0.0041358736,0.07148985
3.842105263157894,0.007041350204560852,0.00085762655,0.002989315,0.009490968,0.0018286152,0.02202962,0.07446071,0.005478974,0.0044651735,-0.0042454368,0.06613364
3.8771929824561404,0.006580342526593728,0.000803292,0.0027856696,0.008585006,0.0014132778,0.0145926,0.06557075,0.0050202017,0.004136221,-0.0042894757,0.06108138
3.9122807017543852,0.0061457333889794775,0.00075203954,0.0025961108,0.007771157,0.0010669446,0.008300375,0.057339482,0.0046056295,0.0038333149,-0.0042823083,0.056351982
3.94736842105263,0.005736296497598262,0.00070373877,0.0024196396,0.0070402366,0.0007788562,0.0030288238,0.049846567,0.004230432,0.0035541991,-0.004235462,0.05195065
3.9824561403508767,0.0053508419804204075,0.00065825647,0.002255322,0.0063837147,0.00053994206,-0.0013460338,0.043116726,0.0038903032,0.0032968314,-0.004158196,0.04787292
4.0175438596491215,0.004988216791314533,0.000615458,0.0021023052,0.0057939175,0.00034257481,-0.0049417084,0.0371363,0.0035815209,0.0030593735,-0.0040581236,0.044107843
4.052631578947368,0.0046473049773950075,0.00057521864,0.0019597907,0.0052638073,0.00018024333,-0.007866255,0.03186682,0.0033007683,0.0028401406,-0.003941219,0.040640507
4.087719298245613,0.004327027818122939,0.0005374113,0.0018270393,0.0047870907,4.7519818e-05,-0.010216729,0.02725502,0.0030451182,0.00263761,-0.0038123494,0.037453257
4.12280701754386,0.004026343844352888,0.0005019141,0.001703371,0.004358092,-6.0314356e-05,-0.012078892,0.023240805,0.002812007,0.0024504005,-0.0036754324,0.034527592
4.157894736842104,0.003744248745460439,0.00046860764,0.0015881519,0.003971747,-0.00014711793,-0.013527643,0.019761808,0.0025991618,0.0022772576,-0.003533471,0.031844493
4.192982456140351,0.0034797751725918528,0.00043737591,0.0014807939,0.0036234867,-0.00021630316,-0.014628079,0.016757103,0.0024045473,0.0021170294,-0.0033890146,0.029385155
4.228070175438596,0.0032319924459531697,0.00040810712,0.0013807511,0.0033092839,-0.00027060474,-0.015436145,0.014169424,0.0022263785,0.001968678,-0.0032439292,0.027131578
4.263157894736841,0.0030000061739017137,0.00038069277,0.0012875211,0.0030255287,-0.0003124888,-0.015999604,0.011945845,0.0020630604,0.001831254,-0.003099708,0.025066601
4.298245614035087,0.0027829577914239645,0.0003550287,0.0012006308,0.0027690087,-0.00034395265,-0.016359458,0.010038617,0.001913177,0.0017038919,-0.0029575916,0.023174094
4.333333333333332,0.0025800240253802346,0.00033101471,0.0011196397,0.0025368712,-0.00036674782,-0.01655031,0.008405256,0.001775461,0.001585792,-0.0028183865,0.021439103
4.368421052631579,0.0023904162936731546,0.00030855657,0.0010441479,0.0023265649,-0.00038230515,-0.016601784,0.0070083155,0.0016487918,0.0014762472,-0.0026827916,0.019847812
4.403508771929824,0.0022133800452557766,0.00028756278,0.0009737776,0.002135837,-0.00039186206,-0.016538788,0.0058148727,0.0015321504,0.0013745818,-0.0025513237,0.018387541
4.43859649122807,0.0020481940476378686,0.000267944,0.0009081741,0.001962673,-0.0003965121,-0.016382288,0.004796364,0.0014246417,0.0012801996,-0.002424284,0.01704663
4.473684210526315,0.0018941696282798752,0.00024961767,0.00084701343,0.0018052679,-0.0003971007,-0.0161504,0.003928033,0.001325447,0.0011925473,-0.0023019246,0.015814502
4.508771929824562,0.0017506498759834023,0.00023250643,0.000789992,0.0016620505,-0.0003944079,-0.015858004,0.0031885458,0.0012338397,0.0011111075,-0.0021843703,0.0146814985
4.5438596491228065,0.0016170088080993566,0.00021653311,0.000736827,0.0015315799,-0.0003890431,-0.015517819,0.0025593988,0.0011491644,0.0010354194,-0.0020716933,0.013638835
4.578947368421051,0.0014926505090800582,0.00020162725,0.00068725366,0.0014126017,-0.00038157532,-0.015140483,0.0020248743,0.0010708327,0.0009650526,-0.0019638804,0.012678533
4.614035087719298,0.001377008245603642,0.00018772228,0.00064103055,0.0013039828,-0.00037245115,-0.014734989,0.0015713475,0.000998303,0.00089961634,-0.0018608862,0.011793388
4.649122807017543,0.001269543563198427,0.00017475385,0.0005979286,0.0012047131,-0.00036203678,-0.01430886,0.0011872483,0.00093109783,0.0008387447,-0.0017626438,0.010976867
4.684210526315789,0.0011697453689939418,0.00016266236,0.0005577367,0.001113888,-0.00035065305,-0.013868286,0.000862467,0.0008687793,0.0007821054,-0.0016690416,0.010223
4.719298245614034,0.0010771290049259822,0.00015139015,0.00052025437,0.0010307046,-0.0003385887,-0.0134186065,0.00058857654,0.0008109528,0.0007293882,-0.0015799548,0.009526439
4.754385964912281,0.000991235315425819,0.00014088504,0.00048529988,0.00095444237,-0.0003260536,-0.0129641825,0.00035821053,0.0007572577,0.00068031205,-0.0014952454,0.008882309
4.789473684210526,0.0009116297133312638,0.00013109685,0.00045270222,0.00088445836,-0.00031323297,-0.012508617,0.00016513327,0.00070736755,0.0006346139,-0.0014147576,0.008286183
4.8245614035087705,0.0008379012474695991,0.00012197737,0.00042229958,0.0008201651,-0.0003002774,-0.012054862,3.9126326e-06,0.0006609817,0.000592052,-0.0013383377,0.0077340477
4.859649122807017,0.0007696616750816441,0.00011348347,0.00039394468,0.0007610484,-0.00028732367,-0.011605385,-0.00012997937,0.0006178321,0.00055240304,-0.0012658206,0.0072222957
4.894736842105262,0.0007065445419825476,0.00010557286,0.00036749995,0.00070664095,-0.0002744676,-0.011162202,-0.00024053954,0.00057767244,0.00051546114,-0.0011970466,0.006747584
4.9298245614035086,0.0006482042730897006,9.820712e-05,0.0003428356,0.00065652106,-0.00026179274,-0.010726857,-0.0003311562,0.00054027117,0.00048103573,-0.0011318574,0.0063069398
4.964912280701753,0.0005943152756920181,9.1349204e-05,0.0003198301,0.0006103022,-0.00024936028,-0.010300614,-0.00040472182,0.00050542614,0.0004489495,-0.0010700786,0.005897619
5.0,0.0005445710575881779,8.496521e-05,0.0002983714,0.0005676575,-0.00023723641,-0.0098845735,-0.00046373135,0.0004729454,0.00041903814,-0.0010115742,0.0055171424
5.035087719298245,0.0004986833619851565,7.9023e-05,0.00027835747,0.0005282689,-0.00022545009,-0.009479457,-0.00051031134,0.00044265523,0.00039115147,-0.00095617434,0.005163248
5.07017543859649,0.0004563813208224849,7.3492476e-05,0.0002596882,0.0004918622,-0.00021403568,-0.009085799,-0.00054631213,0.0004143983,0.00036514577,-0.0009037246,0.0048338543
5.105263157894736,0.00041741062797293326,6.834587e-05,0.00024227412,0.00045818373,-0.00020301765,-0.0087040095,-0.00057332614,0.00038802475,0.000340894,-0.00085409597,0.004527103
5.140350877192981,0.0003815327335664855,6.355704e-05,0.00022603032,0.00042700587,-0.00019240522,-0.008334413,-0.00059269904,0.0003634024,0.00031827297,-0.00080713275,0.0042412565
5.175438596491228,0.00034852406049208005,5.9101087e-05,0.00021087729,0.00039812527,-0.00018220853,-0.007977071,-0.00060560677,0.0003404037,0.00029717188,-0.000762712,0.003974733
5.210526315789473,0.00031817524395055054,5.495562e-05,0.00019674267,0.00037134986,-0.00017243103,-0.007632095,-0.0006130539,0.00031891646,0.0002774856,-0.00072069373,0.0037261078
5.245614035087719,0.00029029039476236203,5.1099458e-05,0.0001835574,0.00034651134,-0.00016307532,-0.0072994335,-0.0006158893,0.00029883525,0.00025911868,-0.0006809647,0.0034940522
5.280701754385964,0.00026468638697539084,4.7512116e-05,0.00017125737,0.00032345482,-0.00015413717,-0.006978958,-0.0006148777,0.0002800629,0.00024197834,-0.0006433928,0.0032773565
5.315789473684211,0.00024119217017055328,4.4175264e-05,0.0001597825,0.0003020413,-0.00014561121,-0.0066705686,-0.00061066874,0.00026250782,0.00022598481,-0.00060788053,0.0030749019
5.3508771929824555,0.00021964810672683356,4.107181e-05,0.00014907871,0.0002821392,-0.00013749089,-0.006374045,-0.0006037912,0.00024608523,0.00021105609,-0.0005743032,0.0028856741
5.3859649122807,0.0001999053341814914,3.818546e-05,0.00013909214,0.00026363248,-0.00012976227,-0.0060891313,-0.0005947153,0.0002307222,0.00019712267,-0.00054257055,0.0027087326
5.421052631578947,0.00018182515270611188,3.5500892e-05,0.00012977523,0.0002464141,-0.00012241726,-0.0058156173,-0.0005838505,0.00021634392,0.00018411732,-0.0005125776,0.0025432026
5.456140350877192,0.0001652784376140124,3.3004602e-05,0.000121084704,0.0002303866,-0.00011544369,-0.005553145,-0.0005715682,0.00020288452,0.00017197595,-0.00048423375,0.0023882964
5.491228070175438,0.00015014507671921707,3.06831e-05,0.00011297678,0.00021546052,-0.000108826775,-0.0053014653,-0.0005581405,0.00019028434,0.0001606419,-0.00045744638,0.0022432755
5.526315789473683,0.00013631343228135003,2.8524422e-05,0.00010541226,0.00020155258,-0.00010255582,-0.0050602756,-0.00054384157,0.00017848394,0.00015005925,-0.00043213647,0.0021074614
5.56140350877193,0.0001236798271938478,2.651724e-05,9.835445e-05,0.00018858792,-9.6616335e-05,-0.004829189,-0.0005288742,0.00016743201,0.00014017832,-0.00040822205,0.0019802286
5.596491228070175,0.00011214805500466561,2.4650799e-05,9.176996e-05,0.00017649798,-9.099386e-05,-0.004607929,-0.0005134241,0.00015707882,0.00013095234,-0.00038562538,0.0018609861
5.631578947368421,0.00010162891329849217,2.291534e-05,8.562703e-05,0.00016521956,-8.5676205e-05,-0.0043961527,-0.00049767253,0.00014737793,0.00012233687,-0.00036427518,0.0017492105
5.666666666666666,9.203975991716602e-05,2.1302028e-05,7.989628e-05,0.00015469277,-8.065129e-05,-0.004193534,-0.00048173047,0.0001382878,0.00011429162,-0.00034410835,0.0016443991
5.701754385964911,8.330409144989087e-05,1.9801886e-05,7.454962e-05,0.00014486529,-7.590059e-05,-0.003999735,-0.00046571952,0.00012976781,0.00010677792,-0.00032505233,0.0015460891
5.7368421052631575,7.535114338668488e-05,1.8407374e-05,6.956091e-05,0.00013568636,-7.14175e-05,-0.003814439,-0.00044973593,0.0001217821,9.9760895e-05,-0.00030705327,0.0014538558
5.771929824561402,6.811551129669394e-05,1.7110775e-05,6.490599e-05,0.00012711229,-6.718418e-05,-0.003637317,-0.00043386896,0.00011429501,9.320673e-05,-0.00029004904,0.0013672982
5.807017543859649,6.153679236724086e-05,1.5905323e-05,6.056345e-05,0.0001190989,-6.3189225e-05,-0.0034680588,-0.0004181708,0.000107274966,8.708559e-05,-0.00027398454,0.0012860536
5.842105263157894,5.555924661924162e-05,1.4784494e-05,5.6511275e-05,0.000111607515,-5.9424274e-05,-0.0033063604,-0.00040270208,0.00010069251,8.1367376e-05,-0.0002588102,0.001209773
5.87719298245614,5.013147709951876e-05,1.3742708e-05,5.273125e-05,0.00010460206,-5.5871384e-05,-0.0031519064,-0.00038751776,9.45193e-05,7.6026794e-05,-0.00024447666,0.0011381413
5.912280701754385,4.52061283401925e-05,1.2774093e-05,4.9203518e-05,9.8050055e-05,-5.2525185e-05,-0.0030044143,-0.0003726356,8.8729365e-05,7.10376e-05,-0.0002309357,0.0010708619
5.94736842105263,4.0739602369251854e-05,1.1873748e-05,4.5912177e-05,9.1920156e-05,-4.937291e-05,-0.0028636002,-0.00035810022,8.329763e-05,6.6377776e-05,-0.00021814583,0.0010076561
5.982456140350877,3.6691791554321395e-05,1.1036745e-05,4.2841177e-05,8.618529e-05,-4.6402194e-05,-0.0027291828,-0.00034393463,7.8202975e-05,6.2023835e-05,-0.00020606485,0.0009482701
6.0175438596491215,3.3025827563071974e-05,1.0258662e-05,3.9975865e-05,8.081662e-05,-4.360558e-05,-0.0026008869,-0.00033015333,7.3422365e-05,5.795679e-05,-0.00019465253,0.00089246
6.052631578947368,2.9707845728386095e-05,9.535459e-06,3.730274e-05,7.57909e-05,-4.0972e-05,-0.0024784692,-0.0003167598,6.893749e-05,5.4157354e-05,-0.00018387476,0.0008400047
6.087719298245613,2.670676411391901e-05,8.863102e-06,3.4807777e-05,7.108465e-05,-3.8494887e-05,-0.0023616562,-0.00030377842,6.472914e-05,5.0607618e-05,-0.00017369322,0.0007906925
6.12280701754386,2.399407658575044e-05,8.238058e-06,3.247987e-05,6.6677436e-05,-3.6163077e-05,-0.0022502264,-0.00029119613,6.07796e-05,4.7290963e-05,-0.00016407433,0.00074432936
6.157894736842104,2.1543659208143117e-05,7.657113e-06,3.0308705e-05,6.254874e-05,-3.3968583e-05,-0.0021439402,-0.0002790324,5.707325e-05,4.4192402e-05,-0.00015499147,0.00070073304
6.192982456140349,1.9331589295660336e-05,7.117005e-06,2.8281367e-05,5.8680856e-05,-3.190518e-05,-0.0020425613,-0.00026728064,5.359486e-05,4.1297633e-05,-0.00014641068,0.00065973453
6.228070175438596,1.7335976469839495e-05,6.615038e-06,2.6390428e-05,5.5056684e-05,-2.9964727e-05,-0.001945896,-0.0002559337,5.033007e-05,3.85926e-05,-0.00013830597,0.0006211728
6.263157894736841,1.5536805085963314e-05,6.148319e-06,2.4625971e-05,5.166022e-05,-2.8140841e-05,-0.0018537099,-0.000244996,4.726533e-05,3.606487e-05,-0.00013064932,0.00058489933
6.298245614035087,1.3915787414015135e-05,5.7145194e-06,2.2980319e-05,4.84765e-05,-2.6425922e-05,-0.0017658198,-0.00023445739,4.438856e-05,3.3703545e-05,-0.00012341866,0.00055077404
6.333333333333332,1.245622697741952e-05,5.3114254e-06,2.1443582e-05,4.549205e-05,-2.4813431e-05,-0.0016820295,-0.00022430878,4.168765e-05,3.149745e-05,-0.00011658655,0.00051866675
6.368421052631579,1.1142891473440853e-05,4.9366677e-06,2.0010319e-05,4.2693973e-05,-2.32969e-05,-0.0016021497,-0.00021454185,3.915269e-05,2.9435181e-05,-0.000110135596,0.000488456
6.403508771929824,9.96189471997845e-06,4.588267e-06,1.867299e-05,4.007129e-05,-2.1873428e-05,-0.00152602,-0.00020515689,3.6772275e-05,2.7508693e-05,-0.00010404233,0.00046002402
6.43859649122807,8.900587094761786e-06,4.264481e-06,1.7424318e-05,3.7610294e-05,-2.0535028e-05,-0.0014534506,-0.00019614403,3.4537723e-05,2.5708905e-05,-9.828471e-05,0.0004332676
6.473684210526315,7.947453954483115e-06,3.96342e-06,1.6259484e-05,3.530316e-05,-1.9277257e-05,-0.0013842888,-0.00018747925,3.2439235e-05,2.4026876e-05,-9.28472e-05,0.0004080841
6.50877192982456,7.092021543043945e-06,3.683725e-06,1.5173143e-05,3.3139524e-05,-1.8096021e-05,-0.0013183797,-0.00017916788,3.0469164e-05,2.2454951e-05,-8.7711844e-05,0.00038437947
6.5438596491228065,6.3247699197334135e-06,3.423718e-06,1.4158772e-05,3.1109077e-05,-1.698452e-05,-0.0012555743,-0.00017119297,2.8618908e-05,2.0985526e-05,-8.2860475e-05,0.0003620656
6.578947368421051,5.637052459669041e-06,3.1819172e-06,1.3212623e-05,2.9205261e-05,-1.5942647e-05,-0.0011957322,-0.00016354394,2.6881906e-05,1.9613164e-05,-7.8277226e-05,0.0003410584
6.614035087719298,5.021021500126477e-06,2.9571818e-06,1.2329991e-05,2.7418346e-05,-1.4964145e-05,-0.0011387084,-0.0001562174,2.5250358e-05,1.8330897e-05,-7.394911e-05,0.0003212813
6.649122807017543,4.469559727371869e-06,2.7484448e-06,1.1505814e-05,2.5742447e-05,-1.404442e-05,-0.0010843835,-0.00014919353,2.3718612e-05,1.7132359e-05,-6.9860165e-05,0.00030266045
6.684210526315789,3.976216919211653e-06,2.5542993e-06,1.0736787e-05,2.4168556e-05,-1.3181044e-05,-0.001032624,-0.00014246567,2.2280117e-05,1.6010785e-05,-6.5997665e-05,0.0002851268
6.719298245614034,3.5351516786263223e-06,2.3739724e-06,1.0019239e-05,2.2693568e-05,-1.2369519e-05,-0.0009833112,-0.00013602167,2.0928643e-05,1.49640055e-05,-6.234806e-05,0.00026861712
6.754385964912281,3.1410778134974732e-06,2.2062607e-06,9.349279e-06,2.13083e-05,-1.1609283e-05,-0.0009363379,-0.00012985566,1.9659943e-05,1.3985929e-05,-5.890167e-05,0.00025306919
6.789473684210526,2.78921503652875e-06,2.0503685e-06,8.724279e-06,2.0008021e-05,-1.08947725e-05,-0.0008915923,-0.00012395401,1.8468185e-05,1.3072441e-05,-5.564658e-05,0.00023842759
6.8245614035087705,2.4752436779565572e-06,1.905532e-06,8.141905e-06,1.878776e-05,-1.0222885e-05,-0.0008489689,-0.000118306714,1.7348455e-05,1.2217826e-05,-5.2571173e-05,0.00022463813
6.859649122807017,2.1952631215202086e-06,1.7708578e-06,7.597093e-06,1.7642658e-05,-9.592425e-06,-0.0008083689,-0.000112905815,1.6297496e-05,1.1419356e-05,-4.966595e-05,0.00021165151
6.894736842105262,1.9457536913857645e-06,1.6456124e-06,7.089597e-06,1.6567466e-05,-9.001908e-06,-0.0007696993,-0.000107741966,1.5310081e-05,1.0672964e-05,-4.6921763e-05,0.00019941953
6.9298245614035086,1.7235417342770669e-06,1.5294341e-06,6.6163066e-06,1.5558611e-05,-8.446497e-06,-0.0007328662,-0.0001028016,1.43828165e-05,9.974657e-06,-4.4330078e-05,0.000187898
6.964912280701753,1.5257676569502922e-06,1.4212799e-06,6.1743717e-06,1.4611202e-05,-7.924676e-06,-0.0006977874,-9.808323e-05,1.351146e-05,9.323491e-06,-4.188117e-05,0.00017704516
7.0,1.3498566943461955e-06,1.3207817e-06,5.760971e-06,1.3721309e-05,-7.4373347e-06,-0.0006643794,-9.357317e-05,1.2693045e-05,8.7140925e-06,-3.9566377e-05,0.00016682211
